Player,Position,salary_usd
Juan Soto,rf,"$61,875,000"
Zack Wheeler,rhp-s,"$42,000,000"
Jacob deGrom,rhp-s,"$40,000,000"
Aaron Judge,rf-dh,"$40,000,000"
Anthony Rendon,3b,"$38,571,429"
Carlos Correa,ss,"$37,333,333"
Mike Trout,cf,"$37,116,667"
Gerrit Cole,rhp-s,"$36,000,000"
Jose Altuve,2b-lf,"$33,000,000"
Corey Seager,ss,"$32,500,000"
Tyler Glasnow,rhp-s,"$32,500,000"
Francisco Lindor,ss,"$32,477,821"
Giancarlo Stanton,dh-rf,"$32,000,000"
Corbin Burnes,rhp-s,"$30,962,673"
Pete Alonso,1b,"$30,000,000"
Nolan Arenado,3b,"$29,534,148"
Vladimir Guerrero Jr.,1b,"$28,500,000"
Shohei Ohtani,dh-rhp,"$28,216,944"
Dansby Swanson,ss,"$28,000,000"
Carlos Rodón,lhp-s,"$27,833,333"
Cody Bellinger,cf,"$27,500,000"
Trea Turner,ss,"$27,272,727"
Rafael Devers,dh-3b,"$27,066,581"
Kris Bryant,rf,"$27,000,000"
Blake Snell,lhp-s,"$26,825,953"
Bryce Harper,rf-1b,"$26,538,462"
Mookie Betts,ss,"$26,173,581"
Marcus Semien,2b,"$26,000,000"
Alex Bregman,3b,"$25,944,644"
Xander Bogaerts,ss,"$25,454,545"
Matt Chapman,3b,"$25,166,667"
Sonny Gray,rhp-s,"$25,000,000"
Robbie Ray,lhp-s,"$25,000,000"
Javier Báez,ss,"$25,000,000"
Jack Flaherty,rhp-s,"$25,000,000"
Aaron Nola,rhp-s,"$24,571,429"
George Springer,rf,"$24,166,667"
Luis Castillo,rhp-s,"$24,150,000"
Christian Yelich,lf,"$24,093,136"
J.T. Realmuto,c,"$23,875,000"
Kevin Gausman,rhp-s,"$23,000,000"
Freddie Freeman,1b,"$22,704,674"
Trevor Story,2b,"$22,500,000"
Jordan Montgomery,lhp-s,"$22,500,000"
Chris Sale,lhp-s,"$22,000,000"
Nathan Eovaldi,rhp-s,"$22,000,000"
Chris Bassitt,rhp-s,"$22,000,000"
Matt Olson,1b,"$22,000,000"
Austin Riley,3b,"$22,000,000"
Salvador Perez,c,"$21,849,112"
Pablo López,rhp-s,"$21,750,000"
Yusei Kikuchi,lhp-s,"$21,225,000"
Nick Martinez,rhp-s,"$21,050,000"
Yu Darvish,rhp-s,"$21,000,000"
Ian Happ,lf,"$21,000,000"
Starling Marte,dh-rf,"$20,750,000"
Fernando Tatis Jr.,rf,"$20,714,286"
Brandon Nimmo,lf,"$20,500,000"
Sean Manaea,lhp-s,"$20,212,526"
Julio Rodríguez,cf,"$20,185,714"
Nick Castellanos,dh-of,"$20,000,000"
Kyle Schwarber,lf-dh,"$20,000,000"
Eduardo Rodriguez,lhp-s,"$20,000,000"
Luis Severino,rhp-s,"$20,000,000"
Joe Musgrove,rhp-s,"$20,000,000"
Christian Walker,1b,"$20,000,000"
José Ramírez,3b,"$19,000,000"
José O. Berríos,rhp-s,"$19,000,000"
Josh Hader,lhp-c,"$19,000,000"
Lucas Giolito,rhp-s,"$19,000,000"
Seiya Suzuki,dh-rf,"$19,000,000"
Masataka Yoshida,lf,"$18,600,000"
Joc Pederson,lf,"$18,500,000"
Marcus Stroman,rhp-s,"$18,500,000"
Edwin Díaz,rhp-c,"$18,331,373"
Walker Buehler,rhp-s,"$18,050,000"
Michael Wacha,rhp-s,"$18,000,000"
Taijuan Walker,rhp-s,"$18,000,000"
Jameson Taillon,rhp-s,"$18,000,000"
Willson Contreras,1b-dh,"$18,000,000"
Zach Eflin,rhp-s,"$18,000,000"
Rhys Hoskins,1b,"$18,000,000"
Framber Valdez,lhp-s,"$18,000,000"
Lance McCullers Jr.,rhp-s,"$17,700,000"
Miles Mikolas,rhp-s,"$17,666,667"
Bo Bichette,ss,"$17,583,333"
Sandy Alcantara,rhp-s,"$17,300,000"
Jung Hoo Lee,cf,"$17,250,000"
Andrew Benintendi,lf,"$17,100,000"
Manny Machado,3b,"$17,090,909"
Michael Conforto,dh-rf,"$17,000,000"
Frankie Montas,rhp-s,"$17,000,000"
Ronald Acuña Jr.,rf,"$17,000,000"
Ketel Marte,2b,"$16,600,000"
Tyler Mahle,rhp-s,"$16,500,000"
Tyler O'Neill,lf,"$16,500,000"
Kyle Tucker,rf,"$16,500,000"
Marcell Ozuna,dh,"$16,000,000"
Raisel Iglesias,rhp-c,"$16,000,000"
Jorge Soler,dh-rf,"$16,000,000"
Kyle Freeland,lhp-s,"$16,000,000"
Jeimer Candelario,3b,"$16,000,000"
Yordan Alvarez,lf-dh,"$15,833,333"
Jeff McNeil,2b,"$15,750,000"
Kodai Senga,rhp-s,"$15,666,667"
Max Scherzer,rhp-s,"$15,500,000"
Mitch Keller,rhp-s,"$15,411,500"
Byron Buxton,cf,"$15,142,857"
Justin Verlander,rhp-s,"$15,000,000"
Charlie Morton,rhp-s,"$15,000,000"
Alex Cobb,rhp-s,"$15,000,000"
DJ LeMahieu,3b,"$15,000,000"
Eugenio Suárez,3b,"$15,000,000"
Seth Lugo,rhp-s,"$15,000,000"
Gleyber Torres,2b,"$15,000,000"
Sean Murphy,c,"$15,000,000"
Luis Robert Jr.,cf,"$15,000,000"
Ryan Pressly,rhp,"$14,700,000"
Teoscar Hernández,lf,"$14,606,604"
Max Muncy,3b,"$14,500,000"
Max Fried,lhp-s,"$14,500,000"
Yoshinobu Yamamoto,rhp-s,"$14,166,667"
Lourdes Gurriel Jr.,dh,"$14,000,000"
Luis Arraez,2b,"$14,000,000"
Dylan Cease,rhp-s,"$13,750,000"
Shota Imanaga,lhp-s,"$13,750,000"
Zac Gallen,rhp-s,"$13,500,000"
Will Smith,c,"$13,477,716"
Willy Adames,ss,"$13,142,857"
Kirby Yates,rhp,"$13,000,000"
Tyler Anderson,lhp-s,"$13,000,000"
Jon Gray,rhp-s,"$13,000,000"
Chris Taylor,lf-rf,"$13,000,000"
Clay Holmes,rhp-s,"$13,000,000"
Ha-Seong Kim,ss,"$13,000,000"
Tomoyuki Sugano,rhp-s,"$13,000,000"
Tanner Scott,lhp-c,"$12,789,587"
Paul Goldschmidt,1b,"$12,500,000"
Steven Matz,lhp-s,"$12,500,000"
Mitch Garver,c-dh,"$12,500,000"
Jordan Hicks,rhp-s,"$12,500,000"
Bryan Reynolds,rf,"$12,250,000"
Carlos Santana,1b-dh,"$12,000,000"
Jurickson Profar,lf,"$12,000,000"
Taylor Rogers,lhp,"$12,000,000"
Antonio Senzatela,rhp-s,"$12,000,000"
Ryan McMahon,3b,"$12,000,000"
Logan Webb,rhp-s,"$12,000,000"
Rafael Montero,rhp,"$11,500,000"
Nico Hoerner,2b,"$11,500,000"
Randy Arozarena,lf,"$11,300,000"
Jake Cronenworth,1b,"$11,285,714"
Robert Stephenson,rhp,"$11,000,000"
J.P. Crawford,ss,"$11,000,000"
A.J. Minter,lhp,"$11,000,000"
Josh Naylor,1b,"$10,900,000"
Aroldis Chapman,lhp,"$10,750,000"
Andrés Giménez,2b,"$10,571,429"
Chad Green,rhp,"$10,500,000"
Brandon Lowe,2b,"$10,500,000"
Jeffrey Springs,lhp-s,"$10,500,000"
Adolis García,rf,"$10,500,000"
Anthony Santander,rf,"$10,471,465"
Cristian Javier,rhp-s,"$10,400,000"
Nathaniel Lowe,1b,"$10,300,000"
Tarik Skubal,lhp-s,"$10,150,000"
Kenley Jansen,rhp-c,"$10,000,000"
Christian Vázquez,c,"$10,000,000"
Kenta Maeda,rhp,"$10,000,000"
Max Kepler,lf,"$10,000,000"
Matt Boyd,lhp-s,"$10,000,000"
José Leclerc,rhp,"$10,000,000"
Germán Márquez,rhp-s,"$10,000,000"
Carlos Estévez,rhp-c,"$10,000,000"
Yandy Díaz,1b,"$10,000,000"
Shane Bieber,rhp-s,"$10,000,000"
Robert Suarez,rhp,"$10,000,000"
Mike Yastrzemski,cf,"$9,250,000"
José Alvarado,lhp,"$9,166,667"
Joe Jiménez,rhp,"$9,000,000"
Andrew Kittredge,rhp,"$9,000,000"
Michael Soroka,rhp-s,"$9,000,000"
Ranger Suárez,lhp-s,"$8,800,000"
Brady Singer,rhp-s,"$8,750,000"
Cedric Mullins,cf,"$8,725,000"
Devin Williams,rhp-c,"$8,600,000"
Blake Treinen,rhp,"$8,500,000"
Gary Sánchez,c,"$8,500,000"
Jordan Romano,rhp-c,"$8,500,000"
Tommy Edman,2b-cf,"$8,400,000"
Ryan Helsley,rhp-c,"$8,200,000"
Daulton Varsho,lf,"$8,200,000"
Bobby Witt Jr.,ss,"$8,111,111"
Emilio Pagán,rhp,"$8,000,000"
Reynaldo López,rhp,"$8,000,000"
Seranthony Domínguez,rhp,"$8,000,000"
Freddy Peralta,rhp-s,"$8,000,000"
Danny Jansen,c,"$8,000,000"
Ryan O'Hearn,1b-of,"$8,000,000"
Aaron Civale,rhp-s,"$8,000,000"
Michael Harris II,cf,"$8,000,000"
Lane Thomas,rf,"$7,825,000"
Taylor Ward,lf,"$7,825,000"
Tommy Kahnle,rhp,"$7,750,000"
Alec Bohm,3b,"$7,700,000"
Jeff Hoffman,rhp-s,"$7,666,667"
Logan Gilbert,rhp-s,"$7,625,000"
Nestor Cortes,lhp-s,"$7,600,000"
Hunter Renfroe,rf,"$7,570,000"
Clayton Kershaw,lhp-s,"$7,500,000"
Yimi García,rhp,"$7,500,000"
Matt Strahm,lhp,"$7,500,000"
Jesse Winker,dh-lf,"$7,500,000"
Isiah Kiner-Falefa,ss,"$7,500,000"
Chris Paddack,rhp-s,"$7,500,000"
Erick Fedde,rhp-s,"$7,500,000"
Jonathan India,2b,"$7,050,000"
Trevor Williams,rhp-s,"$7,000,000"
Jorge Polanco,3b,"$7,000,000"
Ozzie Albies,2b,"$7,000,000"
Merrill Kelly,rhp-s,"$7,000,000"
Pierce Johnson,rhp,"$7,000,000"
Ke'Bryan Hayes,3b,"$7,000,000"
Yariel Rodriguez,rhp-s,"$7,000,000"
Ryan Mountcastle,1b,"$6,787,000"
Jesus Lúzardo,lhp-s,"$6,625,000"
Isaac Paredes,3b,"$6,625,000"
Justin Steele,lhp-s,"$6,550,000"
Kiké Hernández,ss-cf,"$6,500,000"
Willi Castro,2b-of,"$6,400,000"
Austin Gomber,lhp-s,"$6,350,000"
Hunter Greene,rhp-s,"$6,333,333"
Evan Phillips,rhp,"$6,100,000"
Travis d'Arnaud,c,"$6,000,000"
Liam Hendriks,rhp-c,"$6,000,000"
Josh Bell,dh-1b,"$6,000,000"
Victor Caratini,c,"$6,000,000"
Paul Sewald,rhp,"$6,000,000"
Myles Straw,cf,"$6,000,000"
William Contreras,c,"$6,000,000"
Luis Rengifo,2b,"$5,950,000"
David Bednar,rhp-c,"$5,900,000"
Jazz Chisholm Jr.,2b,"$5,850,000"
Andrew Vaughn,1b,"$5,850,000"
Kyle Higashioka,c,"$5,750,000"
Zack Littell,rhp-s,"$5,720,000"
Corbin Carroll,lf,"$5,625,000"
Michael Lorenzen,rhp-of,"$5,500,000"
Chris Martin,rhp,"$5,500,000"
Patrick Sandoval,lhp-s,"$5,500,000"
Garrett Whitlock,rhp,"$5,500,000"
Adley Rutschman,c,"$5,500,000"
Yuki Matsui,lhp,"$5,500,000"
Tony Gonsolin,rhp-s,"$5,400,000"
Keibert Ruiz,c,"$5,375,000"
Gregory Soto,lhp,"$5,350,000"
Kyle Gibson,rhp-s,"$5,250,000"
Andrew Heaney,lhp-s,"$5,250,000"
Tyler Rogers,rhp,"$5,250,000"
Kyle Finnegan,rhp-c,"$5,227,727"
Michael Kopech,rhp,"$5,200,000"
Andrew McCutchen,dh-of,"$5,000,000"
Miguel Rojas,ss,"$5,000,000"
Yoán Moncada,3b,"$5,000,000"
Carson Kelly,c,"$5,000,000"
Brandon Woodruff,rhp-s,"$5,000,000"
Jonathan Loáisiga,rhp,"$5,000,000"
Trent Grisham,cf,"$5,000,000"
LaMonte Wade Jr.,1b,"$5,000,000"
Mauricio Dubón,2b,"$5,000,000"
Tyler Stephenson,c,"$4,925,000"
Emmanuel Clase,rhp-c,"$4,900,000"
Jason Adam,rhp,"$4,800,000"
Harrison Bader,cf,"$4,750,000"
Leody Taveras,cf,"$4,750,000"
David Peterson,lhp-s,"$4,625,000"
Alejandro Kirk,c,"$4,600,000"
Jonah Heim,c,"$4,575,000"
Ryan Jeffers,c,"$4,550,000"
Camilo Doval,rhp-c,"$4,525,000"
Chris Stratton,rhp,"$4,500,000"
Ryan Brasier,rhp,"$4,500,000"
Ryne Stanek,rhp,"$4,500,000"
Jakob Junis,rhp-s,"$4,500,000"
Luis García Jr.,2b,"$4,500,000"
Jesús Sánchez,of,"$4,500,000"
Alexis Díaz,rhp-c,"$4,500,000"
George Kirby,rhp-s,"$4,300,000"
Wandy Peralta,lhp,"$4,250,000"
Griffin Canning,rhp-s,"$4,250,000"
Colin Rea,rhp,"$4,250,000"
Jackson Chourio,of,"$4,250,000"
Ezequiel Tovar,ss,"$4,214,286"
Steven Kwan,lf,"$4,175,000"
Victor Robles,cf,"$4,125,000"
Jhoan Duran,rhp-c,"$4,125,000"
Jeremy Peña,ss,"$4,100,000"
Paul Blackburn,rhp-s,"$4,050,000"
Tommy Pham,lf,"$4,025,000"
Justin Turner,1b-3b,"$4,000,000"
Austin Hedges,c,"$4,000,000"
Tom Murphy,c,"$4,000,000"
Joe Ross,rhp-s,"$4,000,000"
Tyler Kinley,rhp,"$4,000,000"
Ramón Laureano,rf,"$4,000,000"
Austin Hays,lf,"$4,000,000"
Michael King,rhp-s,"$4,000,000"
Brent Rooker,dh-lf,"$4,000,000"
Spencer Strider,rhp-s,"$4,000,000"
Tanner Houck,rhp,"$3,950,000"
Dylan Moore,3b,"$3,908,333"
Colt Keith,1b,"$3,833,333"
Pete Fairbanks,rhp-c,"$3,816,667"
Garrett Crochet,lhp-s,"$3,800,000"
Jarren Duran,cf,"$3,750,000"
Hunter Harvey,rhp,"$3,700,000"
Shane McClanahan,lhp-s,"$3,600,000"
Clarke Schmidt,rhp-s,"$3,600,000"
Jorge Mateo,ss,"$3,550,000"
Bailey Ober,rhp-s,"$3,550,000"
Martín Pérez,lhp-s,"$3,500,000"
Wilmer Flores,2b-3b,"$3,500,000"
Donovan Solano,2b-3b,"$3,500,000"
Austin Barnes,c,"$3,500,000"
Aaron Bummer,lhp,"$3,500,000"
Cal Quantrill,rhp-s,"$3,500,000"
Josh Rojas,2b,"$3,500,000"
Bryan Abreu,rhp,"$3,450,000"
Aaron Ashby,lhp,"$3,450,000"
Jose Trevino,c,"$3,425,000"
Chas McCormick,cf,"$3,400,000"
Tanner Bibee,rhp-s,"$3,400,000"
Gavin Lux,2b,"$3,325,000"
Thairo Estrada,2b,"$3,250,000"
Bryson Stott,2b,"$3,200,000"
Ramón Urías,2b,"$3,150,000"
Jason Foley,rhp-c,"$3,150,000"
Jake Fraley,dh,"$3,125,000"
Tyrone Taylor,of,"$3,025,000"
Matt Vierling,rf,"$3,005,000"
José Iglesias,ss,"$3,000,000"
Jorge López,rhp,"$3,000,000"
Caleb Ferguson,lhp,"$3,000,000"
Lucas Sims,rhp,"$3,000,000"
Daniel Coulombe,lhp,"$3,000,000"
Erik Swanson,rhp,"$3,000,000"
Miguel Andujar,lf,"$3,000,000"
Edmundo Sosa,ss,"$3,000,000"
Kris Bubic,lhp-s,"$3,000,000"
Brandon Marsh,cf,"$3,000,000"
Randy Dobnak,rhp,"$3,000,000"
Joe Ryan,rhp-s,"$3,000,000"
Joel Payamps,rhp,"$2,995,000"
Ryan Thompson,rhp,"$2,965,000"
A.J. Puk,lhp-s,"$2,950,000"
Dean Kremer,rhp-s,"$2,950,000"
Lars Nootbaar,lf,"$2,950,000"
MacKenzie Gore,lhp-s,"$2,890,000"
Brendan Donovan,2b,"$2,850,000"
Hyeseong Kim,2b,"$2,833,333"
Brusdar Graterol,rhp-c,"$2,800,000"
Caleb Thielbar,lhp,"$2,750,000"
Derek Law,rhp,"$2,750,000"
Kutter Crawford,rhp-s,"$2,750,000"
Seth Brown,1b-of,"$2,700,000"
Andrés Muñoz,rhp,"$2,687,500"
Lawrence Butler,rf,"$2,678,571"
Cal Raleigh,c,"$2,666,667"
Brayan Bello,rhp-s,"$2,666,667"
MJ Melendez,rf-lf,"$2,650,000"
Jake Rogers,c,"$2,640,000"
Trevor Rogers,lhp-s,"$2,600,000"
Geraldo Perdomo,ss,"$2,550,000"
Kyle Hendricks,rhp-s,"$2,500,000"
Luke Weaver,rhp,"$2,500,000"
Nick Pivetta,rhp-s,"$2,500,000"
Kyle Farmer,2b,"$2,500,000"
Tim Hill,lhp,"$2,500,000"
Kevin Newman,ss,"$2,500,000"
Hoby Milner,lhp,"$2,500,000"
Kevin Ginkel,rhp,"$2,425,000"
Santiago Espinal,2b,"$2,400,000"
Jose Siri,cf,"$2,400,000"
Griffin Jax,rhp,"$2,365,000"
Kyle Bradish,rhp-s,"$2,350,000"
Casey Mize,rhp-s,"$2,340,000"
John Schreiber,rhp,"$2,300,000"
Trevor Stephan,rhp,"$2,300,000"
Jake Meyers,lf,"$2,300,000"
Jarred Kelenic,lf,"$2,300,000"
Ryan Feltner,rhp-s,"$2,275,000"
JoJo Romero,lhp,"$2,260,000"
Justin Wilson,lhp,"$2,250,000"
Brent Suter,lhp,"$2,250,000"
John Brebbia,rhp,"$2,250,000"
Drew Rasmussen,rhp-s,"$2,250,000"
Alex Vesia,lhp,"$2,250,000"
Ben Lively,rhp-s,"$2,250,000"
Bailey Falter,lhp-s,"$2,222,000"
Cionel Pérez,lhp,"$2,200,000"
Alek Manoah,rhp-s,"$2,200,000"
Gio Urshela,3b,"$2,150,000"
Dustin May,rhp-s,"$2,135,000"
Rob Refsnyder,2b-of,"$2,100,000"
Jo Adell,of,"$2,100,000"
Trevor Larnach,lf,"$2,100,000"
Andre Pallante,rhp,"$2,100,000"
Tyler Wells,rhp-s,"$2,075,000"
Mark Leiter Jr.,rhp,"$2,050,000"
José Quintana,lhp-s,"$2,000,000"
Randal Grichuk,cf,"$2,000,000"
Hector Neris,rhp,"$2,000,000"
Orlando Arcia,ss,"$2,000,000"
Scott Alexander,lhp,"$2,000,000"
Amed Rosario,ss,"$2,000,000"
Phil Maton,rhp,"$2,000,000"
Jacob Stallings,c,"$2,000,000"
Ryan Yarbrough,lhp-s,"$2,000,000"
Jon Berti,lf-3b,"$2,000,000"
Cavan Biggio,2b,"$2,000,000"
Brendan Rodgers,ss,"$2,000,000"
Trent Thornton,rhp-s,"$2,000,000"
Adrian Morejon,lhp,"$2,000,000"
Cristopher Sánchez,lhp-s,"$2,000,000"
Tylor Megill,rhp,"$1,975,000"
Nick Lodolo,lhp-s,"$1,975,000"
Ernie Clement,ss,"$1,970,000"
Michael A. Taylor,cf,"$1,950,000"
Mike Tauchman,cf,"$1,950,000"
Triston McKenzie,rhp,"$1,950,000"
Edward Cabrera,rhp-s,"$1,950,000"
Trevor Megill,rhp,"$1,940,000"
Justin Martinez,rhp-c,"$1,900,000"
Luis Garcia,rhp-s,"$1,875,000"
Nick Fortes,c,"$1,860,000"
Reid Detmers,lhp,"$1,825,000"
JT Brubaker,rhp,"$1,820,000"
T.J. McFarland,lhp,"$1,800,000"
Kyle Wright,rhp-s,"$1,800,000"
Austin Slater,of,"$1,750,000"
Kyle Isbel,cf,"$1,750,000"
Joey Bart,c,"$1,750,000"
Joe Mantiply,lhp,"$1,700,000"
Zach McKinstry,2b,"$1,650,000"
Nick Sandlin,rhp,"$1,630,000"
Royce Lewis,3b-dh,"$1,625,000"
John King,lhp,"$1,605,000"
Gavin Sheets,1b,"$1,600,000"
Tim Mayza,lhp,"$1,550,000"
Braxton Garrett,lhp,"$1,530,000"
Adam Frazier,2b-of,"$1,525,000"
Carlos Carrasco,rhp-s,"$1,500,000"
Luis García,rhp,"$1,500,000"
Elias Díaz,c,"$1,500,000"
Mike Clevinger,rhp-s,"$1,500,000"
Luke Jackson,rhp,"$1,500,000"
Lou Trivino,rhp,"$1,500,000"
Alex Verdugo,lf,"$1,500,000"
Brad Keller,rhp,"$1,500,000"
Scott Barlow,rhp,"$1,500,000"
Garrett Hampson,2b-of,"$1,500,000"
Rowdy Tellez,1b,"$1,500,000"
Jorge Alcala,rhp,"$1,500,000"
Luis Torrens,c,"$1,500,000"
Pavin Smith,1b,"$1,500,000"
Colin Holderman,rhp,"$1,500,000"
Shinnosuke Ogasawara,lhp,"$1,500,000"
Keegan Akin,lhp,"$1,475,000"
Shane Baz,rhp-s,"$1,450,000"
Anthony Bender,rhp,"$1,420,000"
Mark Canha,lf,"$1,400,000"
Jacob Barnes,rhp,"$1,400,000"
Colin Poche,lhp,"$1,400,000"
Dennis Santana,rhp,"$1,400,000"
Jake Bauers,1b,"$1,400,000"
Enyel De Los Santos,rhp,"$1,400,000"
Will Vest,rhp,"$1,400,000"
Andy Ibáñez,3b,"$1,400,000"
Yuli Gurriel,1b,"$1,350,000"
Nick Madrigal,2b,"$1,350,000"
Nate Pearson,rhp,"$1,350,000"
Eric Haase,c,"$1,350,000"
Taylor Walls,ss,"$1,350,000"
Josiah Gray,rhp-s,"$1,350,000"
Sam Hentges,lhp,"$1,337,500"
Manuel Margot,rf,"$1,300,000"
Ian Gibaut,rhp,"$1,300,000"
Jacob Waguespack,rhp,"$1,300,000"
Kendall Graveman,rhp,"$1,250,000"
Tim Anderson,ss,"$1,250,000"
Shawn Armstrong,rhp,"$1,250,000"
Jalen Beeks,lhp,"$1,250,000"
Jacob Webb,rhp,"$1,250,000"
Mickey Moniak,of,"$1,250,000"
Ceddanne Rafaela,cf-inf,"$1,250,000"
José Ruiz,rhp,"$1,225,000"
Julian Merryweather,rhp,"$1,225,000"
Steven Okert,lhp,"$1,200,000"
Garrett Cleavinger,lhp,"$1,200,000"
Carlos Hernández,rhp,"$1,160,000"
Ryan Borucki,lhp,"$1,150,000"
Brock Burke,lhp,"$1,150,000"
Ben Rortvedt,c,"$1,125,000"
Patrick Corbin,lhp-s,"$1,100,000"
Luis Urías,3b,"$1,100,000"
Austin Wynns,c,"$1,100,000"
Josh Sborz,rhp,"$1,100,000"
José Suarez,lhp-s,"$1,100,000"
Cole Ragans,lhp-s,"$1,083,333"
Bryse Wilson,rhp-s,"$1,050,000"
Dylan Lee,lhp,"$1,025,000"
Beau Brieske,rhp,"$1,025,000"
Sam Moll,lhp,"$1,007,500"
Jason Heyward,rf,"$1,000,000"
Martín Maldonado,c,"$1,000,000"
Kevin Pillar,cf,"$1,000,000"
Shelby Miller,rhp,"$1,000,000"
Travis Jankowski,cf,"$1,000,000"
Paul DeJong,3b,"$1,000,000"
Drew Smith,rhp,"$1,000,000"
John Means,lhp-s,"$1,000,000"
Ty France,1b,"$1,000,000"
José Urquidy,rhp-s,"$1,000,000"
Sean Newcomb,lhp-s,"$1,000,000"
Tyler Alexander,lhp-s,"$1,000,000"
Michael Tonkin,rhp,"$1,000,000"
Justin Topa,rhp,"$1,000,000"
Connor Joe,1b-of,"$1,000,000"
Anthony Banda,lhp,"$1,000,000"
Matt Thaiss,c,"$1,000,000"
Richard Lovelady,lhp,"$1,000,000"
Felix Bautista,rhp-c,"$1,000,000"
Luis Campusano,c,"$1,000,000"
Tony Santillan,rhp,"$1,000,000"
Cooper Criswell,rhp,"$1,000,000"
Kyle Hart,lhp-s,"$1,000,000"
Dylan Carlson,cf,"$975,000"
Justin Lawrence,rhp,"$975,000"
Nick Mears,rhp,"$963,000"
Eli Morgan,rhp,"$950,000"
Sam Long,lhp,"$950,000"
Reed Garrett,rhp,"$950,000"
Ian Hamilton,rhp,"$941,050"
Tayler Saucedo,lhp,"$937,500"
Garrett Stubbs,c,"$925,000"
Cole Sulser,rhp,"$900,000"
Justin Anderson,rhp,"$900,000"
Pablo Reyes,2b-of,"$900,000"
Nick Maton,3b,"$900,000"
Tyler Gilbert,lhp,"$900,000"
Elvin Rodríguez,rhp,"$900,000"
Eduard Bazardo,rhp,"$892,700"
Anthony Volpe,ss,"$879,100"
Paul Skenes,rhp-s,"$875,000"
Brock Stewart,rhp,"$870,000"
Hunter Brown,rhp-s,"$870,000"
Bryan De La Cruz,lf,"$860,000"
Nicky Lopez,2b,"$850,000"
Johan Oviedo,rhp-s,"$850,000"
Jimmy Herget,rhp,"$850,000"
Riley Adams,c,"$850,000"
Nick Martini,1b-lf,"$850,000"
Gabe Speier,lhp,"$845,000"
Jake Cousins,rhp,"$841,050"
Derek Hill,cf,"$831,000"
Jesus Tinoco,rhp,"$831,000"
Oswaldo Cabrera,3b,"$825,600"
Kyle Nelson,lhp,"$825,000"
Ryne Nelson,rhp-s,"$825,000"
Albert Suarez,rhp,"$825,000"
Danny Young,lhp,"$825,000"
Andrés Chaparro,3b,"$821,800"
Connor Gillispie,rhp,"$820,000"
Edwin Uceta,rhp,"$815,000"
Riley Greene,lf,"$812,400"
Jackson Merrill,cf-ss,"$809,500"
Yainer Diaz,c,"$805,600"
Luis Gil,rhp-s,"$804,125"
Jake McCarthy,rf,"$803,900"
Ronel Blanco,rhp-s,"$802,700"
Blake Perkins,cf,"$802,500"
Austin Wells,c,"$801,400"
Scott Effross,rhp,"$800,000"
Bryce Miller,rhp,"$800,000"
Brandon Pfaadt,rhp-s,"$799,400"
Tyler Holton,lhp,"$797,700"
Kerry Carpenter,rf,"$796,800"
Francisco Álvarez,c,"$795,000"
Spencer Arrighetti,rhp,"$794,200"
Vinnie Pasquantino,1b,"$793,250"
Javier Assad,rhp,"$793,250"
Alek Thomas,cf,"$793,000"
Gabriel Moreno,c,"$793,000"
Bo Naylor,c,"$790,300"
Michael Massey,2b,"$790,250"
Eli White,2b,"$790,000"
Jake Burger,3b,"$790,000"
José Soriano,rhp-s,"$790,000"
Connor Wong,c,"$790,000"
Chadwick Tromp,c,"$790,000"
Ian Anderson,rhp,"$790,000"
Michael Grove,rhp,"$790,000"
Tayler Scott,rhp,"$790,000"
Logan O'Hoppe,c,"$790,000"
Luke Raley,rf,"$787,400"
Reese Olson,rhp-s,"$787,100"
Ryan Burr,rhp,"$786,000"
Spencer Torkelson,1b,"$785,700"
Tanner Banks,lhp,"$785,500"
Cade Smith,rhp,"$785,100"
Lucas Gilbreath,lhp,"$785,000"
Oneil Cruz,cf,"$785,000"
Dauri Moreta,rhp,"$785,000"
Jack Suwinski,cf,"$785,000"
Fernando Cruz,rhp,"$785,000"
José Butto,rhp,"$784,250"
Bryan Hoeing,rhp,"$784,000"
Vidal Bruján,2b,"$783,500"
Bryan Woo,rhp,"$783,300"
Jose Miranda,3b,"$783,100"
Andrew Nardi,lhp,"$783,000"
Nolan Gorman,inf-dh,"$782,900"
Ben Rice,c-1b,"$782,800"
Luis Ortiz,rhp,"$782,600"
Daniel Lynch IV,lhp-s,"$782,500"
Miguel Amaya,c,"$782,500"
Gunnar Henderson,ss,"$782,300"
Alex Lange,rhp,"$782,200"
David Fry,c-inf,"$781,900"
Tobias Myers,rhp,"$781,800"
Freddy Fermin,c,"$781,750"
Parker Meadows,cf,"$781,600"
Bowden Francis,rhp,"$781,500"
CJ Abrams,ss,"$780,600"
Josh H. Smith,ss-2b,"$780,500"
Josh Jung,3b,"$780,500"
Rafael Marchán,c,"$780,500"
Michael Busch,1b,"$780,500"
Tyler Heineman,c,"$780,300"
Gavin Williams,rhp-s,"$780,300"
Penn Murfee,rhp,"$780,000"
Graham Ashcraft,rhp,"$780,000"
TJ Friedl,lf,"$780,000"
Spencer Steer,3b,"$780,000"
Zach Neto,ss,"$780,000"
Nick Allen,ss,"$780,000"
Sam Huff,c,"$780,000"
Patrick Bailey,c,"$780,000"
Ryan Walker,rhp,"$780,000"
Heliot Ramos,of,"$780,000"
Emmet Sheehan,rhp,"$780,000"
Ben Joyce,rhp,"$780,000"
Davis Schneider,inf,"$780,000"
Nolan Schanuel,1b-of,"$780,000"
Wilyer Abreu,of,"$780,000"
Sam Bachman,rhp,"$780,000"
Casey Schmitt,3b,"$780,000"
Gavin Stone,rhp,"$780,000"
David Hamilton,ss-2b,"$780,000"
Luis Matos,of,"$780,000"
Tyler Fitzgerald,2b-ss,"$780,000"
Erik Miller,lhp,"$780,000"
Hayden Wesneski,rhp-s,"$779,800"
Ryan Weathers,lhp-s,"$779,100"
Angel Zerpa,lhp,"$779,000"
Hunter Gaddis,rhp,"$778,900"
Mark Vientos,3b,"$778,750"
Alec Burleson,of,"$778,650"
Otto Lopez,2b,"$778,500"
Cole Sands,rhp,"$778,050"
Huascar Brazoban,rhp,"$778,000"
Tyson Miller,rhp,"$778,000"
Ronny Henriquez,rhp,"$778,000"
Matt Brash,rhp-s,"$777,600"
Tim Herrin,lhp,"$777,300"
Logan Allen,lhp-s,"$777,200"
Brice Turang,2b,"$777,100"
Jose Caballero,2b-ss,"$776,800"
Bryan Hudson,lhp,"$776,800"
Lucas Erceg,rhp,"$776,750"
Ezequiel Duran,2b,"$776,500"
Jeremiah Estrada,rhp,"$776,500"
Jared Koenig,lhp,"$776,300"
Kevin Kelly,rhp,"$776,100"
Joey Ortiz,ss,"$776,000"
Justin Slaten,rhp,"$776,000"
Matthew Liberatore,lhp,"$775,800"
Matt Waldron,rhp,"$775,800"
Tyler Freeman,2b,"$775,700"
Richie Palacios,of-2b,"$775,700"
Calvin Faucher,rhp,"$775,500"
Josh Lowe,rf-3b,"$775,100"
Joey Wentz,lhp,"$775,000"
Ji Hwan Bae,2b,"$775,000"
Carmen Mlodzinski,rhp-s,"$775,000"
Jared Triolo,2b,"$775,000"
Endy Rodríguez,c,"$775,000"
Nick Gonzales,ss,"$775,000"
Jared Jones,rhp-s,"$775,000"
Maikel Garcia,3b,"$774,750"
Ryan Pepiot,rhp-s,"$774,600"
Jake Irvin,rhp-s,"$774,600"
Colton Cowser,of,"$774,500"
Taj Bradley,rhp,"$774,200"
Jasson Domínguez,lf,"$774,200"
Romy González,2b,"$774,000"
Triston Casas,1b,"$774,000"
Brennan Bernardino,lhp,"$774,000"
Brett Baty,3b,"$774,000"
Cody Bradford,lhp,"$774,000"
Greg Weissert,rhp,"$774,000"
Elvis Peguero,rhp,"$773,800"
James McArthur,rhp,"$773,750"
Johan Rojas,of,"$773,500"
Wyatt Langford,lf,"$773,500"
Collin Snider,rhp,"$773,000"
Orion Kerkering,rhp,"$773,000"
Yennier Cano,rhp,"$772,900"
Randy Vásquez,rhp-s,"$772,800"
Edouard Julien,2b,"$772,750"
Jordan Westburg,ss,"$772,700"
Oswald Peraza,ss,"$772,700"
Robert Garcia,lhp,"$772,500"
Bryce Jarvis,rhp,"$772,300"
Jose Herrera,c,"$772,200"
Zack Thompson,lhp-s,"$772,200"
Garrett Mitchell,cf,"$772,000"
Jonah Bride,1b,"$772,000"
Dairon Blanco,lf-cf,"$772,000"
Xavier Edwards,ss,"$772,000"
Christopher Morel,3b,"$771,800"
Sal Frelick,rf,"$771,800"
Brendon Little,lhp,"$771,800"
Zack Kelly,rhp,"$771,500"
Gregory Santos,rhp,"$771,100"
Max Kranick,rhp,"$771,000"
Kody Clemens,2b,"$771,000"
Korey Lee,c,"$771,000"
Declan Cronin,rhp,"$771,000"
Brayan Rocchio,ss,"$771,000"
Pete Crow-Armstrong,cf,"$771,000"
Masyn Winn,ss,"$770,850"
Grayson Rodriguez,rhp,"$770,800"
Jordan Walker,rf,"$770,800"
Matt Wallner,rf,"$770,750"
Wenceel Pérez,cf,"$770,700"
Miguel Vargas,3b,"$770,400"
Iván Herrera,c,"$770,300"
Michael Siani,of,"$770,250"
Gabriel Arias,ss,"$770,200"
Jonny DeLuca,lf,"$770,100"
Mason Thompson,rhp,"$770,000"
Jake Bird,rhp,"$770,000"
JP Sears,lhp-s,"$770,000"
JJ Bleday,cf,"$770,000"
Shea Langeliers,c,"$770,000"
Ken Waldichuk,lhp-s,"$770,000"
Nolan Jones,3b,"$770,000"
Matt McLain,ss,"$770,000"
Brandon Williamson,lhp,"$770,000"
Andrew Abbott,lhp,"$770,000"
Elly De La Cruz,ss,"$770,000"
Kaleb Ort,rhp,"$770,000"
Christian Encarnacion-Strand,1b-3b,"$770,000"
Lenyn Sosa,2b-ss,"$770,000"
George Soriano,rhp,"$770,000"
Shawn Dubin,rhp,"$770,000"
Andy Pages,cf,"$770,000"
Randy Rodríguez,rhp,"$770,000"
Spencer Schwellenbach,rhp,"$770,000"
Jerar Encarnación,rf,"$770,000"
Daysbel Hernandez,rhp,"$770,000"
Grant Holmes,rhp,"$770,000"
Kyle Hurt,rhp,"$770,000"
AJ Smith-Shawver,rhp,"$770,000"
River Ryan,rhp,"$770,000"
Jack Kochanowicz,rhp-s,"$770,000"
Kyren Paris,ss,"$770,000"
Ryan Zeferjahn,rhp,"$770,000"
Eric Wagaman,inf,"$770,000"
Nacho Alvarez Jr.,ss-3b,"$770,000"
Alex Faedo,rhp,"$769,900"
J.P. France,rhp-s,"$769,900"
Eury Pérez,rhp,"$769,500"
Jhony Brito,rhp,"$769,500"
Manuel Rodríguez,rhp,"$769,400"
Alex Call,cf,"$769,100"
Jonathan Cannon,rhp-s,"$769,100"
Alec Marsh,rhp,"$769,000"
Dane Myers,of,"$769,000"
Bryan Baker,rhp,"$768,700"
Jacob Young,cf,"$768,700"
Jesse Scholtens,rhp,"$768,600"
Ryan Fernandez,rhp,"$768,600"
Pedro Pagés,c,"$768,300"
Simeon Woods-Richardson,rhp-s,"$768,250"
Kyle Stowers,lf,"$768,200"
Cam Booser,lhp,"$768,200"
Louie Varland,rhp,"$768,150"
Max Meyer,rhp-s,"$768,000"
Miles Mastrobuoni,2b,"$768,000"
Will Warren,rhp,"$767,600"
Spencer Horwitz,1b,"$767,500"
Mitchell Parker,lhp-s,"$767,200"
Brant Hurter,lhp,"$767,100"
Kyle Leahy,rhp,"$767,000"
Porter Hodge,rhp,"$767,000"
Jhonkensy Noel,1b-3b,"$766,900"
Nathan Lukes,of,"$766,800"
Jonathan Aranda,2b,"$766,500"
Bryan King,lhp,"$766,400"
Blaze Alexander,ss,"$766,300"
DL Hall,lhp-s,"$766,100"
Luken Baker,1b,"$766,100"
Cade Povich,lhp-s,"$766,100"
Ronny Mauricio,ss,"$766,000"
Daniel Schneemann,3b,"$766,000"
Emerson Hancock,rhp,"$766,000"
Brenan Hanifee,rhp,"$766,000"
Richard Fitts,rhp-s,"$766,000"
Luisangel Acuña,ss,"$766,000"
Jordan Leasure,rhp,"$765,800"
Slade Cecconi,rhp,"$765,500"
Davis Martin,rhp-s,"$765,450"
Jose Ferrer,lhp,"$765,400"
Robert Gasser,lhp,"$765,400"
Taylor Trammell,of,"$765,200"
Yoendrys Gómez,rhp,"$765,050"
Mason Miller,rhp-c,"$765,000"
Brenton Doyle,cf,"$765,000"
Sean Bouchard,1b,"$765,000"
Luis Medina,rhp,"$765,000"
Zack Gelof,2b,"$765,000"
Michael Toglia,1b,"$765,000"
Tyler Soderstrom,lf,"$765,000"
Victor Vodnik,rhp,"$765,000"
Hunter Goodman,c,"$765,000"
Osvaldo Bido,rhp-s,"$765,000"
Max Schuemann,2b,"$765,000"
Mitch Spence,rhp,"$765,000"
Carson Spiers,rhp,"$765,000"
Landen Roupp,rhp-s,"$765,000"
Hayden Birdsong,rhp,"$765,000"
Spencer Bivens,rhp,"$765,000"
Valente Bellozo,rhp,"$765,000"
Connor Norby,2b,"$765,000"
Ryan Kreidler,ss,"$764,900"
Jackson Holliday,2b,"$764,800"
Drew Thorpe,rhp,"$764,750"
Erik Sabrowski,lhp,"$764,700"
James Wood,lf,"$764,600"
Alek Jacob,rhp,"$764,500"
Christian Scott,rhp,"$764,500"
Gerson Garabito,rhp,"$764,500"
Brooks Lee,3b-ss,"$764,450"
D.J. Herz,lhp,"$764,200"
Chris Roycroft,rhp,"$764,150"
Victor Scott II,cf,"$764,150"
Junior Caminero,3b,"$764,100"
Heston Kjerstad,of,"$764,000"
Weston Wilson,3b-of,"$764,000"
Tyler Phillips,rhp,"$764,000"
Trey Sweeney,ss,"$764,000"
Oliver Dunn,2b-lf,"$763,700"
Sawyer Gipson-Long,rhp,"$763,600"
Carlos Narvaez,c,"$763,500"
Zach Penrod,lhp,"$763,500"
Mason Englert,rhp,"$763,400"
Fraser Ellard,lhp,"$763,375"
Clayton Beeter,rhp,"$763,325"
Kyle Manzardo,1b,"$763,200"
Zach Dezenzo,3b,"$763,200"
Brent Headrick,lhp,"$763,125"
Sean Reynolds,rhp,"$763,100"
Jackson Kowar,rhp,"$763,000"
Matt Mervis,1b,"$763,000"
Will Wagner,2b,"$763,000"
Anthony Veneziano,lhp,"$762,925"
Joey Cantillo,lhp,"$762,800"
Blake Walston,lhp,"$762,700"
Hunter Bigge,rhp,"$762,700"
Brooks Baldwin,2b-3b,"$762,625"
Bryan Ramos,3b,"$762,625"
Prelander Berroa,rhp,"$762,625"
Dillon Dingler,c,"$762,600"
Ben Brown,rhp-s,"$762,500"
Griffin Conine,of,"$762,500"
Jack Leiter,rhp-s,"$762,500"
Lake Bachar,rhp,"$762,500"
Ben Casparius,rhp,"$762,500"
Edgardo Henriquez,rhp,"$762,500"
Mickey Gasper,1b,"$762,450"
José Tena,ss,"$762,400"
Abner Uribe,rhp,"$762,200"
Curtis Mead,3b-1b,"$762,200"
Eduardo Salazar,rhp,"$762,200"
Chayce McDermott,rhp,"$762,200"
Jacob Amaya,2b-ss,"$762,125"
Ryan Bliss,ss,"$762,100"
Chris Murphy,lhp,"$762,000"
Jordan Beck,of,"$762,000"
Angel Chivilli,rhp,"$762,000"
Bradley Blalock,rhp,"$762,000"
Jeff Criswell,rhp,"$762,000"
Luis Peralta,lhp,"$762,000"
Seth Halvorsen,rhp,"$762,000"
Dylan Crews,rf,"$761,800"
Mason Montgomery,lhp,"$761,800"
Troy Taylor,rhp,"$761,700"
Blake Dunn,of,"$761,500"
Julian Aguiar,rhp,"$761,500"
Jacob Hurtubise,rhp,"$761,500"
Graham Pauley,3b,"$761,500"
Rhett Lowder,rhp-s,"$761,500"
Javier Sanoja,ss-cf,"$761,500"
Kumar Rocker,rhp-s,"$761,500"
Ty Madden,rhp,"$761,400"
Luis Contreras,rhp,"$761,300"
DaShawn Keirsey Jr.,cf,"$761,250"
Carlos Vargas,rhp,"$761,200"
Vinny Capra,3b-lf,"$761,100"
Isaac Collins,lf,"$761,100"
Johnathan Rodriguez,of,"$760,900"
Jackson Jobe,rhp-s,"$760,900"
Ky Bush,lhp,"$760,800"
Brandon Eisert,lhp,"$760,800"
Kameron Misner,of,"$760,700"
Marc Church,rhp,"$760,500"
Zach Brzykcy,rhp,"$760,400"
Pedro Leon,of-ss,"$760,400"
Sean Burke,rhp-s,"$760,350"
Brandon Lockridge,of,"$760,300"
Orlando Ribalta,rhp,"$760,300"
Cade Cavalli,rhp,"$760,200"
Hogan Harris,lhp,"$760,000"
Joey Estes,rhp-s,"$760,000"
Tyler Ferguson,rhp,"$760,000"
Michel Otanez,rhp,"$760,000"
Jacob Wilson,ss,"$760,000"
Brett Harris,3b,"$760,000"
Jhonny Pereda,c-1b,"$760,000"
Brady Basso,lhp,"$760,000"
Justin Sterner,rhp,"$760,000"
Forrest Whitley,rhp,"$760,000"
Ryan Gusto,rhp,"$760,000"
Drake Baldwin,c,"$760,000"
Angel Bastardo,rhp,"$760,000"
Kristian Campbell,2b,"$760,000"
Omar Cruz,lhp,"$760,000"
Jack Dreyer,lhp,"$760,000"
J.C. Escarra,c,"$760,000"
Liam Hicks,c,"$760,000"
Ryan Johnson,rhp,"$760,000"
Christian Koss,ss,"$760,000"
Nate Lavender,lhp,"$760,000"
Brad Lord,rhp,"$760,000"
Garrett McDaniels,lhp,"$760,000"
Max Muncy,ss,"$760,000"
Noah Murdock,rhp,"$760,000"
Chad Patrick,rhp,"$760,000"
Alan Roden,of,"$760,000"
Rōki Sasaki,rhp-s,"$760,000"
Hayden Senger,c,"$760,000"
Matt Shaw,3b,"$760,000"
Cam Smith,rf,"$760,000"
Shane Smith,rhp,"$760,000"
Connor Thomas,lhp,"$760,000"
Mike Vasil,rhp,"$760,000"
Gage Workman,ss,"$760,000"